Fecha;CodBarra;Producto;Cantidad;Precio Público;Precio Unit.;Importe;Faltas
1/4/2025;7798084684751;IDENA 150 MG CPR X 2;00003;59.966,45;38.468,48;115.405,44;00000;
1/4/2025;7798084680210;QUETIAZIC 25 MG CPR X 60;00004;71.806,33;46.063,76;184.255,04;00000;
1/4/2025;7798084682801;PREBICTAL 150 MG CAP X 28;00003;54.238,71;34.794,13;104.382,39;00000;
1/4/2025;7798084687042;APATRIX 30 MG CAP X 30;00014;33.367,45;21.405,22;299.673,08;00000;
1/4/2025;7798084685215;ALPERTAN D 80/12,5 MG CPR REC X 28;00005;29.518,72;18.936,26;94.681,30;00000;
1/4/2025;7798084683310;NOSTER D 5/160/12,5 MG CPR X 28;00012;55.139,84;35.372,21;424.466,52;00000;
1/4/2025;7798084682191;ULTRANEURAL 600 MG CPR X 30;00003;43.918,08;28.173,45;84.520,35;00000;
1/4/2025;7798084686267;LEVAXON 1000 MG CPR X 30;00003;123.429,03;79.179,72;237.539,16;00000;
1/4/2025;7798084685772;FLEXIDOL RELAX CB CAP X 10;00003;12.400,76;7.955,09;23.865,27;00000;
1/4/2025;7798084684553;FLEXIDOL RELAX CPR X 20;00012;23.786,94;15.259,32;183.111,84;00000;
1/4/2025;7792219911828;REMIZERAL 9,5 MG/24 HS PARCHES X 30;00000;104.391,40;0,00;0,00;00003;
1/4/2025;7798084685611;XUMER 60 MG CPR X 28;00003;30.003,37;19.247,16;57.741,48;00000;
1/4/2025;7798084682177;ULTRANEURAL 300 MG CPR X 30;00003;31.911,54;20.471,25;61.413,75;00000;
1/4/2025;7798084680326;QUETIAZIC 300 MG CPR X 30;00002;114.230,57;73.278,91;146.557,82;00000;
1/4/2025;7798084684966;TOPICTAL 50 MG CPR X 56;00002;80.237,74;51.472,51;102.945,02;00000;
1/4/2025;7798084685291;REDUPROST 0,4 MG CAP X 60;00003;77.988,05;50.029,33;150.087,99;00000;
1/4/2025;7798084686083;VILZER 50 MG CPR X 60;00008;79.861,07;51.230,88;409.847,04;00000;
1/4/2025;7798084684171;ALPERTAN 160 MG CPR REC X 28;00038;34.907,64;22.393,25;850.943,50;00000;
1/4/2025;7798084682740;ULTRANEURAL 300 MG CPR X 60;00004;63.406,06;40.674,99;162.699,96;00000;
1/4/2025;7798084684713;COLMIBE 10/10 MG CPR X 30;00010;39.151,41;25.115,63;251.156,30;00000;
1/4/2025;7798084683198;REDUPROST DUO CPR X 30;00016;65.224,45;41.841,48;669.463,68;00000;
1/4/2025;7798084683693;LIPIFEN 40 MG CPR X 30;00003;62.697,59;40.220,50;120.661,50;00000;
1/4/2025;7798084680067;ATENIX  25 MG CPR X 30;00005;9.867,22;6.329,82;31.649,10;00000;
1/4/2025;7798084684546;FLEXIDOL RELAX CPR X 10;00008;12.126,96;7.779,44;62.235,52;00000;
1/4/2025;7798084682160;ULTRANEURAL 100 MG CPR X 30;00003;19.575,04;12.557,39;37.672,17;00000;
1/4/2025;7798084685468;DEBLAX 100000 UI CAP X 2;00006;16.238,46;10.416,97;62.501,82;00000;
1/4/2025;7798084680012;DELAK 5 MG CPR X 30;00002;24.002,01;15.397,29;30.794,58;00000;
1/4/2025;7798084685352;VEDIPAL 1000 MG CPR X 30;00012;52.480,76;33.666,41;403.996,92;00000;
1/4/2025;7798084686298;ULTRAGESIC CB 50 MG CAP X 30;00006;19.742,38;12.664,74;75.988,44;00000;
1/4/2025;7798084686274;ULTRAGESIC CB 50 MG CAP X 10;00003;9.091,08;5.831,93;17.495,79;00000;
1/4/2025;7798084683181;FAPRIS 100 MG CPR X 30;00003;62.345,41;39.994,58;119.983,74;00000;
1/4/2025;7798084684539;IDENA 150 MG CPR X 1;00012;35.341,56;22.671,61;272.059,32;00000;
1/4/2025;7798084682986;LACOTEM 100 MG CPR X 30;00002;91.606,79;58.765,76;117.531,52;00000;
1/4/2025;7798084685154;CABERTRIX 0,5 MG CPR X 2;00001;19.908,16;12.771,08;12.771,08;00001;
1/4/2025;7798084684942;KIR 28 CPR REC X 28;00003;29.203,49;18.734,04;56.202,12;00000;
1/4/2025;7798084686458;XAROBAN 15 MG CPR X 30;00005;89.559,66;57.452,52;287.262,60;00000;
1/4/2025;7798084682016;TOPICTAL 50 MG CPR X 28;00002;41.513,73;26.631,06;53.262,12;00000;
1/4/2025;7798084680081;ATENIX  50 MG CPR X 30;00040;26.548,52;17.030,88;681.235,20;00000;
1/4/2025;7798084685284;PANKREOFLAT AD CPR REC X 20;00003;18.240,74;11.701,43;35.104,29;00000;
1/4/2025;7798084684386;QUETIAZIC 100 MG CPR X 30;00010;75.240,86;48.267,01;482.670,10;00000;
1/4/2025;7798084686076;VILZER 50 MG CPR X 30;00004;41.862,41;26.854,74;107.418,96;00000;
1/4/2025;7798084686991;ZURCAL 40 MG CPR X 30;00002;15.951,29;10.232,75;20.465,50;00000;
1/4/2025;7798084680821;MUTUM 150 MG CPR X 4;00004;28.154,88;18.061,36;72.245,44;00000;
1/4/2025;7798084683655;ALPERTAN 320 MG CPR REC X 28;00006;36.678,54;23.529,28;141.175,68;00000;
1/4/2025;7798084683617;COLMIBE 40/10 MG CPR X 30;00006;68.762,55;44.111,18;264.667,08;00000;
1/4/2025;7798084685000;ATENIX 100 MG CPR X 30;00018;45.255,70;29.031,53;522.567,54;00000;
1/4/2025;7798084682108;DOZIC 2 MG CPR X 60;00003;79.294,59;50.867,48;152.602,44;00000;
1/4/2025;7798084684157;ALPERTAN 80 MG CPR REC X 28;00028;26.773,34;17.175,10;480.902,80;00000;
1/4/2025;7798084680876;REDUPROST 0,4 MG CAP X 30;00048;46.708,86;29.963,73;1.438.259,04;00000;
1/4/2025;7792219911835;REMIZERAL 13,3 MG/24HS PARCHES X 30;00000;113.557,23;0,00;0,00;00002;
1/4/2025;7798084684348;REDUSTEROL DUO 10/10 MG CPR X 30;00002;22.786,57;14.617,58;29.235,16;00000;
1/4/2025;7798084680272;FLEXIDOL 15 MG CPR X 30;00008;30.015,25;19.254,78;154.038,24;00000;
1/4/2025;7798084681484;DELAK 5 MG CPR X 20;00002;17.304,28;11.100,70;22.201,40;00000;
1/4/2025;7798084686366;ASOTREX GL SOB X 30;00005;43.550,71;27.937,78;139.688,90;00000;
1/4/2025;7798084682962;ASOTREX SOB X 30;00010;121.948,37;78.229,88;782.298,80;00000;
1/4/2025;7798084681996;ASOTREX CAP X 30;00003;62.717,58;40.233,33;120.699,99;00000;
1/4/2025;7798084686380;ARIZIC 10 MG CPR X 30;00000;28.050,62;0,00;0,00;00003;
1/4/2025;7792219911811;REMIZERAL 4,6 MG/24HS PARCHES X 30;00003;104.390,00;66.966,18;200.898,54;00000;
1/4/2025;7798084683419;VEDIPAL 500 MG CPR X 30;00010;28.818,40;18.487,00;184.870,00;00000;
1/4/2025;7798084686427;XAROBAN 10 MG CPR X 10;00003;44.700,47;28.675,35;86.026,05;00000;
1/4/2025;7798084684584;UNIFLOX 750 MG CPR X 5;00012;16.967,68;10.884,77;130.617,24;00000;
1/4/2025;7798084683426;VEDIPAL 500 MG CPR X 60;00006;52.529,54;33.697,70;202.186,20;00000;
1/4/2025;7798084685314;NOSTER 10/160 MG CPR X 28;00005;45.120,79;28.944,99;144.724,95;00000;
1/4/2025;7798084680418;PARACETAMOL RAFFO FTE CPR X 15;00002;17.711,92;11.362,20;22.724,40;00000;
1/4/2025;7798084686540;NABILA D 5/12,5 MG CPR X 28;00003;23.979,87;15.383,09;46.149,27;00000;
1/4/2025;7798084680623;REDUSTEROL 20 MG CPR X 30;00002;26.623,10;17.078,72;34.157,44;00000;
1/4/2025;7798084682788;PREBICTAL 75 MG CAP X 28;00005;34.325,27;22.019,66;110.098,30;00000;
1/4/2025;7798084685604;XUMER 60 MG CPR X 14;00003;14.809,50;9.500,29;28.500,87;00000;
1/4/2025;7798084686472;XAROBAN 20 MG CPR X 30;00010;93.740,91;60.134,79;601.347,90;00000;
1/4/2025;7798084682436;NABRATIN 75 MG CPR X 30;00014;54.972,70;35.264,99;493.709,86;00000;
1/4/2025;7798084687059;APATRIX 60 MG CAP X 30;00012;47.895,21;30.724,78;368.697,36;00000;
1/4/2025;7798084685321;NABILA 2,5 MG CPR X 28;00003;7.183,13;4.607,98;13.823,94;00000;
1/4/2025;7798084681491;PARACETAMOL RAFFO 1GR CPR X 10;00018;5.415,60;3.474,11;62.533,98;00000;
1/4/2025;7798084684911;ULTRAGESIC PLUS 325/37,5 MG CPR X 20;00004;23.181,60;14.871,00;59.484,00;00000;
1/4/2025;7798084685543;FLEXIDOL CB 15 MG CAP X 10;00003;11.384,88;7.303,40;21.910,20;00000;
1/4/2025;7798084684409;KIRUM CPR REC X 28;00018;23.445,56;15.040,33;270.725,94;00000;
1/4/2025;7798084683174;FAPRIS 50 MG CPR X 30;00002;35.164,54;22.558,05;45.116,10;00000;
1/4/2025;7798084680425;PARACETAMOL RAFFO FTE CPR X 30;00002;37.480,40;24.043,68;48.087,36;00000;
1/4/2025;7798084684973;TOPICTAL 100 MG CPR X 56;00003;121.088,27;77.678,13;233.034,39;00000;
1/4/2025;7798084686984;ZURCAL 20 MG CPR X 30;00002;10.036,87;6.438,65;12.877,30;00000;
1/4/2025;7798084681293;LIPIFEN 20 MG CPR X 30;00003;54.065,25;34.682,86;104.048,58;00000;
1/4/2025;7798084682931;ASOTREX CAP X 60;00003;95.911,92;61.527,50;184.582,50;00000;
1/4/2025;7798084685482;ALPERTAN D 320/25 MG CPR REC X 28;00000;43.288,75;0,00;0,00;00006;
1/4/2025;7798084680845;MUTUM 200 MG CPR X 30;00003;282.060,08;180.941,54;542.824,62;00000;
1/4/2025;7798084686434;XAROBAN 10 MG CPR X 30;00005;90.668,18;58.163,64;290.818,20;00000;
1/4/2025;7798084680098;ATENIX  50 MG CPR X 60;00008;44.234,62;28.376,51;227.012,08;00000;
1/4/2025;7798084685222;ALPERTAN D 160/12,5 MG CPR REC X 28;00012;32.908,13;21.110,57;253.326,84;00000;
1/4/2025;7798084686236;FEMALVI 2,5 MG/1,5 MG CPR REC X 28 (24+4);00006;25.459,45;16.332,24;97.993,44;00000;
1/4/2025;7798084686106;VILZERMET 50/1000 MG CPR X 60;00008;111.478,24;71.513,29;572.106,32;00000;
1/4/2025;7798084687011;PANTOP 20 MG CPR X 28;00003;14.717,81;9.441,48;28.324,44;00000;
1/4/2025;7798084683280;PREBICTAL 50 MG CAP X 28;00003;29.100,23;18.667,80;56.003,40;00000;
1/4/2025;7798084680227;QUETIAZIC 100 MG CPR X 60;00003;118.443,36;75.981,42;227.944,26;00000;
1/4/2025;7798084681071;COMENTER 30 MG CPR X 30;00004;56.063,98;35.965,04;143.860,16;00000;
1/4/2025;7798084685307;NOSTER 5/160 MG CPR X 28;00025;43.010,64;27.591,33;689.783,25;00000;
1/4/2025;7798084683167;KIRUMELLE CPR REC X 28;00003;27.526,06;17.657,97;52.973,91;00000;
1/4/2025;7798084685086;UNIFLOX 500 MG CPR X 14;00003;25.719,25;16.498,90;49.496,70;00000;
1/4/2025;7798084684249;TORGYN DUO CAP VAG X 7;00004;19.591,68;12.568,06;50.272,24;00000;
1/4/2025;7798084686120;VILZERMET 50/850 MG CPR X 60;00005;108.957,38;69.896,16;349.480,80;00000;
1/4/2025;7798084684393;QUETIAZIC 200 MG CPR X 30;00003;95.975,50;61.568,28;184.704,84;00000;
1/4/2025;7798084683327;NOSTER D 10/160/12,5 MG CPR X 28;00003;55.139,84;35.372,21;106.116,63;00000;
1/4/2025;7798084682009;TOPICTAL 25 MG CPR X 28;00003;22.483,98;14.423,47;43.270,41;00000;
1/4/2025;7798084684850;NOSTER 5/320 MG CPR X 28;00002;53.869,11;34.557,03;69.114,06;00000;
1/4/2025;7798084685338;NABILA 10 MG CPR X 28;00006;31.839,77;20.425,21;122.551,26;00000;
1/4/2025;7798084684904;ULTRAGESIC PLUS 325/37,5 MG CPR X 10;00003;12.277,66;7.876,12;23.628,36;00000;
1/4/2025;7798084687127;PANTOP 40 MG CPR X 28;00006;27.931,99;17.918,37;107.510,22;00000;
1/4/2025;7798084685635;XUMER 90 MG CPR X 28;00008;37.167,72;23.843,09;190.744,72;00000;
1/4/2025;7798084680654;ODRANAL 150 MG CPR X 30;00010;57.881,05;37.130,69;371.306,90;00000;
1/4/2025;7798084683730;NOSTER D 10/320/25 MG CPR X 28;00003;61.453,01;39.422,11;118.266,33;00000;
1/4/2025;7798084686229;ULTRAGESIC 100 MG GTS X 20 ML;00010;24.442,82;15.680,07;156.800,70;00000;
1/4/2025;7798084680975;UNIFLOX 500 MG CPR X 7;00006;15.002,04;9.623,81;57.742,86;00000;
1/4/2025;7798084685093;NABILA 5 MG CPR X 28;00044;16.398,75;10.519,80;462.871,20;00000;
1/4/2025;7798084684720;COLMIBE 20/10 MG CPR X 30;00005;54.955,00;35.253,63;176.268,15;00000;
1/4/2025;7798084681279;LIPIFEN 10 MG CPR X 30;00008;32.335,33;20.743,11;165.944,88;00000;
1/4/2025;7798084685345;ULTRAGESIC PLUS 325/37,5 MG CPR X 30;00004;29.289,19;18.789,02;75.156,08;00000;
1/4/2025;7798084680838;MUTUM 200 MG CPR X 10;00002;110.565,03;70.927,47;141.854,94;00000;
1/4/2025;7798084685451;DEBLAX 100000 UI CAP X 1;00010;11.349,05;7.280,42;72.804,20;00000;
1/4/2025;7798084684485;QUETIAZIC 25 MG CPR X 30;00018;45.310,92;29.066,96;523.205,28;00000;
1/4/2025;7798084680913;NIVAS FTE 60 MG CPR REC X 60;00002;60.352,77;38.716,30;77.432,60;00000;
1/4/2025;7798084685628;XUMER 90 MG CPR X 14;00006;24.564,47;15.758,11;94.548,66;00000;
1/4/2025;7798084686069;NALTREVA 90/8 MG CPR X 120;00000;179.536,08;0,00;0,00;00003;
1/4/2025;7798084684836;MITRUL 15 MG CAP X 10;00003;43.199,16;27.712,26;83.136,78;00000;
1/4/2025;7798084686663;CLEDIUM X 300 MG CAP X 30;00012;34.053,08;21.845,05;262.140,60;00000;
1/4/2025;7792219912177;DUPERTAN 200 MG CPR X 60;00002;171.952,73;110.307,68;220.615,36;00000;
1/4/2025;7792219912160;DUPERTAN 100 MG CPR X 60;00003;165.560,57;106.207,11;318.621,33;00000;
1/4/2025;7792219912153;DUPERTAN 100 MG CPR X 30;00004;82.524,85;52.939,69;211.758,76;00000;
1/4/2025;7792219912146;DUPERTAN 50 MG CPR X 30;00006;77.558,44;49.753,74;298.522,44;00000;
